diagonal,height_left,height_right,margin_low,margin_up,length,id,résultat,proba_pred_faux,proba_pred_vrai
171.76,104.01,103.54,5.21,3.3,111.42,A_1,Faux billet,0.9938685693982705,0.006131430601729489
171.87,104.17,104.13,6.0,3.31,112.09,A_2,Faux billet,0.9988864574980476,0.0011135425019524244
172.0,104.58,104.29,4.99,3.39,111.57,A_3,Faux billet,0.998580953981252,0.001419046018747957
172.49,104.55,104.34,4.44,3.03,113.2,A_4,Vrai billet,0.086715702928706,0.913284297071294
171.65,103.63,103.56,3.77,3.16,113.33,A_5,Vrai billet,0.0004420463280871978,0.9995579536719128
